id,name,date-start,date-end,place,x,y,organizer,site,pop,rock,metal,indie,jazz,blues,folk,country,dancing,rap-hip-hop,classical,other,teater-revy-humor,line-up,shows,profile,tickets-prize,sone1 (0-500),sone2 (500-1000),sone3 (1000-1500),sone4 (1500+),sone5 (dagspass),sone6 (todagerspass),sone7 (undgomspass),sone 8 (gratis for barn),free,discount,age,alcohol,budget,sponsors,est-audience,for-children,barnevennlig,food-drink,camp-type,camp,transportation-type,transportation,market,disabled-type,disabled,sanitary,paid-staff,unpaid-staff,anno,more,Ferdig,Ansvar
1,Fosnavåg Rock,01.08.2014,02.08.2014,"Fosnavåg, Herøy","5,63429","62,34075",Fosnavåg Rock AS,http://www.fosnavaagrock.no/,0,1,0,0,0,0,0,0,0,0,0,0,0,"Black Debbath, CC Cowboys, Marion Ravn, Lars Vaular, Madcon, nrwy",17,"Fosnavåg Rock er en nystarta festival forankra i ønsket om å skape gode opplevelser i en by som er i sterk vekst og utvikling. Festivalen, som ligg i den flotte byen Fosnavåg på Sunnmøre, satsar på å gje publikum ei festivaloppleving ei helg i året med hovudfokus på musikk. Fosnavåg Rock er ikkje berre ein festival, men eit fenomen som har til hensikt å skape identitet og bulyst ute i havgapet. 
",750-1100 kroner,0,1,1,0,1,1,1,,80,Dagspass 750.- Helgepass 1100.- Ungdomspass 12-18år: 750.-. Under 12 år gratis.',Ingen. 18 års aldersgrense på skjenkeområdet.,1,,"Olympic Shipping, Havyard, REM, Sparebanken Møre, Sunnmørsposten, Marine Harvest, Quality hotel Ulstein, Bourbon, Måløy Havneservice AS, Fosnavaag Shipping,Dossier Solutions, Nokas, Ervik & Sævik, MS Smaragd
",4000,,0,0,0,1,,0,,Handicaptoalett,1,25 toalett,Ingen.,ca. 200.,2014,,"nei, kontakt Frank Levi Kvalsund for info om budsjett, tilbud til barn, mat og drikke. Marked feil utfylt.",
2,Gapskratten Revyfestival,03.07.2014,05.07.2014,"Tresfjord, Vestnes","7,12625","62,52093","Gapskratten revyfestival i samarbeid med Tresfjord Ungdomslag, med hjelp frå Vestnes Teaterlag og Vike Ungdomslag",http://www.gapskratt.no/,1,1,0,0,0,1,0,0,0,0,0,0,1,"Diverse revy og teaterinnslag fra hele landet, konsert med Knut Marius Djupvik",,"Festival for amatørrevy. Distriktsfestival for Nordvestlandet. En av 9 regionale festivaler i nettverket til Norsk Revy på Høylandet. Konkurranse om beste sketsj, vise og monolog, - direkte kvalifisering til NM i revy på Høylandet 2015. En familievennlig festival med arrangementer for alle alderklasser, for deltakere, for publikum og for våre sponsorer. Kurs for store og små,- egen barneforestilling,  Vi arbeider for rekruttering og utvikling med fokus på kvalitet i revyene i vårt distrikt og samarbeider tett med noen av de fremste amatørrevy-miljøene i landet.",20-1300 kroner,1,1,1,0,0,1,0,0,,"Rabatt for honnør/barn ved noen forestillinger. Festivalpass: 1300,-",Forestillingene: Åpent for alle . Gapskratteltet: 18 år.,1,800000,"Sparebanken Møre og lokalt næringsliv, samt tilskudd fra Vestnes kommune, MR Fylkeskommune","I sal: 2000, - i telt: ca. 2000","Tilbud til  barn:  Vi har spesielle teaterkurs for barn. I år med Caroline Johansen fra Det Andre teateret. Aldersgruppe er 6 - 12 år. vi har også kurstilbud for de fra 12 år og oppover,- teaterkurs med Olli Wermskog og hip hop med verdensstjerna Mari Koda,- kjent fra Step Up filmene. Kursene setter sammen en forestilling, og deltakerne blir sminket opp og presenterer sin forestilling med profesjonell musikk, lyd og lys i Storsalen lørdag. Eventuelle andre aktiviteter for barn, vil bli annonsert i forbindelse med festivalen.
 ",1,1,0,1,,0,,Lokalitetene er godt tilrettelagt for funksjonshemmede og det samme er sanitærforholdene.,1,,"Leier lyd og lys, ellers ingen.",ca 200.,1996,"I forbindelse med festivalen arrangeres også Gapskrattur med foredrag, serveringsteater og sprelske opplevelser.",OK,Maria/LJ
3,Dei nynorske festspela,26.06.2014,29.06.2014,"Ivar Aasen-tunet, Ørsta",6.07215,62.18214,Ivar Aasen-tunet,http://www.festspela.no/dnf/no/,0,0,0,0,0,0,0,0,0,0,0,1,0,"Festspeldiktar Agnes Ravatn, Aasmund og Odd Nordstoga, Linda Eide, Einar Økland, Helene Bøksle, Rønnaug Kleiva, Ørnulf Opdahl og mange fleire.",44,"Dei nynorske festspela er årleg feiring av nynorsk skriftkultur i Ørsta og Volda siste veka i juni. Festspela er ein sjangeroverskridande festival med både musikk, litteratur, foredrag, samtalar og kunst, med arrangement for vaksne, ungdom og barn. Hovudarenaen er Ivar Aasen-tunet, men det skjer mykje både i Ørsta og Volda sentrum under festivaldagane.  ",0-1350 kroner,1,0,1,0,0,0,1,0,,"Festivalpass 1350 ,- (Dei som kjøper festspelpass må også reservere plass til arrangement med avgrensa publikumsplass)
Familiebillett gjeld for inntil to foreldre og alle barn under 16 år. Kulturrabatt for ungdom, barn og honnør og familie på utvalde arrangement. ",Ingen.,0,"1,9 millionar","Oljeselskapet Det Norske, Sparebanken Søre Sunnmøre og Sunnmørsposten",6000,"«På bærtur med Nøtteliten», familiekonsert med Prøysenhusbandet. «Festspelbøker for born», gratis familiearrangement på Ørsta folkebibliotek, i samarbeid med tre forlag. «Lurivar presenterer Grunnlova», Tunkatten Lurivar si eiga spesiallaga framsyning til dei yngste. Barneprisar på ulike arrangement, til dømes konserten med Aasmund og Odd Nordstoga.",0,1,0,0,,,,Bra tilgjenge for funksjonshemma.,1,Hovudarenaen er Ivar Aasen-tunet. Ved større konsertar blir det supplert med ekstra toalett.,"Ein del av Ivar Aasen-tunet med 11,4 årsverk.",ca. 50,1992,"Aasen-tunet har eigen butikk med stort utval i eigenproduserte varer, bøker og cdar. Alle utstillingane er gratis under Festspela.",ingen spm om alkohol?,MM
4,Back In The Fields Rock Festival,08.08.2014,09.08.2014,"Flatholmen, Ålesund",6.18482,62.48221,Ålesund Rockforum,http://www.bitf.no/?c=35514,0,1,0,0,0,0,0,0,0,0,0,0,0,"Black Star Riders, Spitfire, Iron Maiden Tribute, Valentourettes, The Carburetors, Drusar, Slegest, Wasteland Rocks, Norse Super Band, HellHikers",10,"Back in The Fields Rock Festival er Ålesunds eneste reindyrka rock & roll-festival. Vi leverer det vi lover, og du blir ikke skuffa! Back In The Fields Rock Festival er og skal fortsette å være en scene for de etablerte internasjonale, samt både de store og fremadstormende nasjonale og lokale unge. Og av overskuddet gis det tilbake til det unge musikkmiljøet i Ålesund og omegn.",729-1244 kroner,0,1,1,0,1,1,0,0,,"Fredagspass 729,- Lørdagspass 834,- Helgepass 1244,-",18 år (ingen aldersgrense på barneprogrammet).,1,10 millioner,"E.C. Dahls, Brødrene Dahl, M-BA Sikkerhetsopplæring, Osberget, Enger Transport",-,"Eget barneprogram lørdagen, med spennende aktiviteter. ",1,1,,0,Buss til og fra festivalområdet fra sentrum. Begrenset antall parkeringsplasser ved festivalområdet.,1,,Alle fasiliteter lett tilgjengelig for alle.,1,Mer enn nok.,Ingen.,100,2011,,"10 mill?? Toalett mer en nok, ka skrive der?",MM
5,Måløy Havfiskefestival ,01.08.2014,03.08.2014,"Måløytorget, Vågsøy",5.11189,61.93256,Måløy Havfiskefestival as,http://www.havfiskefestival.no/,0,0,0,0,0,0,0,0,1,0,0,0,0,Ausekarane,2,Fiskefestival med Norgescup for havfiskere i Norges Havfiskeforbund. Saga-cup med konkurranser for turister og bedrifter. Torghandel med kortreist mat.,0-350 kroner,1,0,0,0,0,0,0,0,550,"Ausekarane 350,- ",18 år på konserten.,1,720000,"Sagaboat as, Domstein, Fjordenes Tidende, Glassmester Kvamme AS / Fenstra as), Nordea, Båtbygg AS, Rafnar Ehf i Reykjavik, SFE, Coast Seafood AS, Toyota, DNB, Olsen Transport, Andreassen Sales AS, Best Western Måløy, Fiskevegn AS, Vest Dykkerservice, Entrepenør Jimmy Nore, Ulvesund Elektro AS, Isovent AS, Måløy Havneservice AS, Måløy Radioforretning AS, Havtrygd, Lyng/Stadtyard AS, Charisma Fish AS, Frøyanes AS, Atlantic Seafish AS, Fjord Shiping AS, Fjellmøybuda AS, Norway Pelagic AS, SP-Vest, Vest Industivask AS, Opplæringskontoret fisk, Vest-Norges Fiskesalslag, Local-Hoast AS, Måløyterminalen AS, Måløy Industrisøm AS, Snorre Seafood AS, Geir Sandal AS, Selstad AS, Moldøen Supply AS, UNU AS.",1000,"Fiskekonkurranse, akvarium, plakedammer, Elias-båt, Undomsdiskotek, sykkelkonkurranse.",1,1,,0,,0,Torghandel,,0,Toalettrigg sentralt plassert ved festivaltelt.,Ingen.,40,2012,"Utstillingerpå  Fiskerimuseum, open dag hos Tønnefabrikken, historiske foredrag/byvandring.",OK,MM
6,Ørskog Bluesfest 2014 ,29.05.2014,01.06.2014,"Sjøholt, Ørskog",6.81062,62.48371,Ørskog Blues Club,http://www.orskogblues.no/,0,0,0,0,0,1,0,0,0,0,0,0,0,"Junior Watson (US), Steinar Albrigtsen/Monika Nordli/ORBO (N), The Kokomo Kings (SV/D), Hoodoo Hogs (N), Daniel Eriksen/Stig Sjøstrøm (N) Marcus Løvdal Band (N), Frank Bjørdal`s Blues Revue og mange flere.",16,"Feelgod musikkfestival for folk i alle aldre, med den gode stemningen, en porsjon gla'galskap og kvalitet i alle ledd. Du finner garantert noe som passer deg hos oss.",345 - 690 kroner,1,1,0,0,1,1,0,0,50,"Dagspass 345,- 
Helgepass 690,- 
Rabatt på kjøp via Billettservice, helgepass, medlemsrabatt lørdag på Bluescafé.","Familiekonserter: ingen aldersgrense
Ungdomsblues: 12 år 
Kveldskonserter: 18 år
",1,950000,"Sunnmørsposten (håper vi), Nextcar, Ørskog Sparebank, Ørskog Kommune",4000-4500,"Utendørs familiekonsert, Ungdomsblues, Bluescafé.",1,1,,1,"Privat, drosjetilbud og buss (ved behov/påmelding)",1,,Alle arrangementer er tilrettelagt for funksjonshemmede.,1,"Inne og ute, tilstrekkelig.",Ingen.,140,2010,,"Aldergrense 18 år, vil d sei alkohol?
Sponsor: smp håper vi. Ritkig?",MM
7,Sommardagar på Hellesylt,04.07.2014,06.07.2014,"Hellesylt sentrum, Stranda",6.86082,62.08780,Lokale lag og organisasjoner,https://www.facebook.com/sommardagarhellesylt?ref=hl,0,0,0,0,0,0,0,0,1,0,0,1,0,"World Base Race i Helsetkopen, tivoli, kirkekonsert",,"Sommardagar på Hellesylt er ei helg meint for alle. Difor vil du finne alt frå tivoli, dans, underhaldning frå utescene, andeslepp og mykje, mykje meir.",,1,0,0,0,0,0,0,0,,,Ingen.,0,,Lokalt næringsliv.,5000-6000,"Tivoli, Traktorløp, Eliasbåten.",1,1,,0,,0,Utendørs stands og innendørs salgshall med diverse salgsboder.,Stort sett alt av arrangementer er tilgjengelige for funksjonshemmede.,1,Toaletter tilgjengelig fleire steder i sentrum.,Ingen.,300,Årets arrangement er 27. i rekka.,"Variert program frå utescena, andesleppet, helikopterflyging, Hellesyltløpet, tombola m.m.",Dancing? Litt tynn. lrs ok,MM
8,Langevågsdagane ,16.08.2014,17.08.2014,"Røde Kors Huset i Langevåg, Sula",6.18369,62.43789,Langevåg Røde Kors,http://lokal.rodekors.no/langevag,1,0,0,0,0,0,0,0,0,0,0,1,0,Tradisjonelle dager med lokale artister samt Røde Kors profil.,,Langevågsdager har tradisjoner tilbake til tidlig 70 tall og i år er det 40 års jubileum. Profilen er tradisjonelle dager med salg av rømmegrøt/grillmat/vafler/kaffi  og slusj/popcorn for de minste. Vi har egne spill for de minste barna og underholdning fra scene. Vi vil i år prøve å fokusere på Røde Kors som tema og arrangerer for første gang dager på vårt eget område på Molvær i Langevåg. Dessuten vil vi forsøke å få til «Bondens marked» på dagtid lørdag/søndag.,0-250 kroner,1,0,0,0,0,0,0,0,,,Ingen aldersgrense på dagtid. 18 år lørdag kveld.,1,300000,Diverse lokale i egen avis som distribueres i uke 33 til innbyggere i Sula.,1500-2000,"Diverse spill, hoppetelt, bamselotteri.",1,1,,0,,0,Bondens marked på dagtid lørdag/søndag.,Det er flatt og fint for rullestolbrukere.,1,8,Ingen.,50,"1974. 
(Med link tilbake til 60-tallet og Røde Kors Uka)",,OK,MM
9,Maritme sommarfestival,19.06.2014,22.06.2014,"Fosnavåg, Herøy",5.63107,62.34138,,http://www.sommarfestival.no/,1,1,0,0,0,0,0,0,0,0,0,1,0,"Vennebyen (gratis forestilling), Postgrirobygget, maritim konferanse, Party ekspressfart Norge, festivalgudstjeneste.",7,Folkefest med mykje gratis for alle.,0-400 kroner.,1,0,0,0,0,0,0,0,,,,0,1 million,Næringslivet,5000,"Vennebyen, gospelkonsert, lokal UKM.",1,1,,0,,0,,Toalett og festivalområdet tilrettelagt for funksjonhemmede.,1,,Ingen.,25,2003,"Båttreff, egen festivalavis.",Tynn men ok,MM
10,Makrellfestivalen,05.09.2014,06.09.2014,"Fosnavåg, Herøy",5.63107,62.34138,,https://www.facebook.com/makrellfestival,0,0,0,0,0,0,0,0,0,0,0,1,0,Fokus på kortreist mat.,5,"Familie- og fagmesse med mat, hav, konferanse alt godt som kjem frå fiskeri.",0-350 kroner,1,0,0,0,0,0,0,0,,,,0,850000,Næringslivet,3500,Egen PIR festival rusfri for dei som er mellom 13 og 18 år.,1,1,,0,,0,Fokus på kortreist mat.,"Egnet for funksjonshemmede med egen toalettvogn, samt tilrettelagt elles.",1,,Ingen.,25,2006,,Tynn. Program ikkje spikra. Ka gjer då?,MM
11,Norsk Fjellfestival,06.07.2014,13.07.2014,"Åndalsnes, Rauma",7.68722,62.56745,Norsk Fjellfestival,http://www.norskfjellfestival.no/,0,0,0,0,0,0,0,0,0,0,0,1,0,Red Hot og Polkabjørn og Kleine Heine.,Over 100 arrangement,"Norsk Fjellfestival i Romsdalen blir i 2014 arrangert for 16. gang. Festivalen har i dag en seriøs og anerkjent posisjon i det norske friluftsmiljøet. Den har utviklet seg til å bli det største og viktigste enkeltarrangementet i Norge for mennesker som setter pris på fjell og friluftsliv. Vi har nå et fast samarbeid med Den Norske Turistforening. DNT har lagt sin ungdomsleir, Basecamp, til Fjellfestivalen. Årets Fjellgeit blir delt ut i samarbeid med DNT ved foreningens generalsekretær eller styreleder. ",0-1800,1,1,1,1,0,0,0,0,,,Ingen.,0,,"Sparebanken Møre, Arvid Gjerde AS, Axess, Møre og Romsdal fylkeskommune, Rauma kommune, Anunatak, PartnerPlast AS, Sparebank 1 SMN, Ulvang, Haglöfs, AAK, Kroken Caravan, Grand Hotel Bellevue, Wonderland, Rauma Ullvarefabrikk, Timpex, Westnofa.",8000,Ca. 30 arrangementer for barn.,1,0,,0,,0,,Flere arrangementer er tilrettelagt for mennesker med funksjonsnedsettelser.,1,,Ett lønna årsverk.,250,1999,,OK,MM
12,Trebåtfestivalen,14.08.2014,17.08.2014,"Ulsteinvik, Ulstein",5.84823,62.34203,Ullaholm Båtklubb,http://www.trebaatfestivalen.no/,0,0,0,0,0,0,0,0,0,0,0,1,0,,20,Festivalen samlar nærare 100 tre- og veteranbåtar. Stor Kystmarknad i havneområdet. Målsettinga er å auke interessa for båtar og kystkultur.,0-300,1,0,0,0,1,0,0,0,(Kun til sponsor),,18 år i festivaltelt på kveldstid.,,700.000,"Hovudsponsorer: Regionavisa, Sparebank1, Island Offshore, Kleven. Storesponsorer: Ørsta Marina Systems, Mare Safety, Ulsmo  ",15000,"Kaptein Blåtann Sjørøvershow, Tivoli, Maritime aktiveter på Kystmarknaden",1,1,Båtplasser.,1,,0,Kystmarknad.,Normal tilgang i sentrum.,1,"Ektra toalett på festivalområdet, ope sanitæranlegg på Vikholmen og i Kulturhuset for båtfolk.",Ingen.,40,2006,Gratis kaiplass med strøm for besøkende båtar.,OK,MM
13,Brøvøllsfestivalen,27.06.2014,28.06.2014,"Straumgjerdet, Sykkylven",6.64662,62.29194,Frivilligstyret i Brøvøllsfestivalen i samarbeid med Lag på Lag i Velledalen.,http://brovollsfestivalen.com/,0,0,0,0,0,0,0,0,1,0,0,0,1,"Terje Sporsem, Lars Berrum, Ørjan Liavåg og Fredrik Steen (Hildegunn Moltubakk m.m), David Batra (sidekick på tv-programmet til Ylvis) samt musikk: Musikk: Nils-Petter and the Cadillacs, Playlife og Peter Rønning band. Aktivitetsdag dagtid laurdag med fysiker og barne-tv programleiar Andreas Wahl, og NRK-super profilane Christian Wiik-Gjerde og Ingunn Thon.  ",,"Ein ekstremt fargerik og herlig bonderomantisk festival der Felleskjøpet møter Hawaii og Las Vegas på ein og samme gong. Ei hesj gjerdar festivalområdet inne, og her finn du alle slags fargerike skilt, deilige hengekøyer og herleg heimelaga KUbab, midt i eit landskap omringa av snødekte tindar og herlege fossefall. ",0-500,1,0,0,0,1,1,0,0,0 (med unntak av nokre som blir lodda ut),"400 kr. for dagspass,
500 kr. for festivalpass, Aktivitetsdag laurdag er gratis.",18 år på kveldstid. Aktivitetsdag laurdag: Inga aldersgrense.,,200000,Ingen klare enno. ,2000,"Aktivitetsdag laurdag 28. juni med mange leikar for både born og vaksne. Hesteskokast og andre gamaldagse aktivitetar og leikar. Styltrekonkurranse, slakk line, ballkast, blekkbokstivoli, hoppeslott, lassokast, hesteriding, sauegjerde. Underhaldning frå NRK Super-profilane Ingunn Thon og Christian Wiik Gjerde. Fysikkshow frå fysikeren Andreas Wahl. Heimesnikra tivoliboder med sal av både mat, vafler, popcorn og andre godsaker. 
",1,1,"Har ein festivalcamp ca 500 m frå festivalområdet på ""Bollamarka camping"". ",1,Nattbuss frå festivalområdet til Sykkylven sentrum/Hundeidvik etter endt festival fredag og laurdag. ,1,"På aktivitetsdagen laurdag det eit ""tivolimarked"" med tivoliboder som sel mat og anna. ",Godt tilrettelagt for funksjonshemmede. Svært enkel tilgjengelegheit for rullestolbrukarar då det frå inngang til festivalområde ikkje er trapper eller anna behov for hjelp til framkomst. Det er også plassar rett foran scene for rullestolbrukarar ved behov. Handicaptoalett på festivalområdet. ,1,8 toaletter. ,Ingen.,165,2007,,"Stand up og god dansemusikk = kryss på dancing?
Place = strumgjerdet, eller sykkylven?",MM
14,VanylvsRåkk,04.07.2014,05.07.2014,"Eidså, Vanylven",5.58315,62.19502,VanylvsRåkk,http://www.vanylvsråkk.no/,1,1,0,0,0,1,0,1,1,1,0,0,0,"Line Vederhus, RocnRollTrain (DVs Return og Stagedolls) High Red m/Adam Douglas og Violet Road, Elias Jung, The Straits, Valkyrien Allstars, Sivvah og Blodsbrødre.",10,Musikkfestival for hele familien.,500-1000,1,1,0,0,1,1,1,0,200,"Festivalpass (2 dagar): 
Ungdom (12-15 år) 550 kr.*
Kulturkort (16-20 år) 650 kr.*
Vaksne 850 kr.*
(* i døra + 150 kr.)
Dagspass vert seldt kun i døra:
Ungdom (12-18 år) 400kr/vaksne 600 kr. 
(Møre og romsdal fylke sin kulturrabatt for ungdom mellom 16 og 20)",Ingen.,1,,"Sparebanken Møre, Kulturrabatt, Hakallegarden pluss fleire. ",2500-3500,,0,1,Bobiler og campingvogner.,1,,0,,"Handicap-toalett, egen plass foran scene.",1,"10 dametoalett, 8 herretoalett, stor urinal for herrer.",Ingen.,150,"Vanylvsfestivalen fra 2008-2010, VanylvsRåkk fra 2011.",,OK,MM
15, Ålesund Kammermusikkfestival ,13.06.2014,15.06.2014,Ålesund sentrum,6.14948,62.47223, Ålesund Kammermusikkfestival,http://www.alesundkammermusikkfestival.no/Aalesund_Kammermusikkfestival/Hjem_14.html,0,0,0,0,0,0,0,0,0,0,1,0,0,"Eva Ollikainen, Stig Nilsson, Ai-Ling Chiu, Ålesund Strykekvartett m.fl.",4,Festivalen tilbyr klassiske kammerkonserter som favner et bredt publikum i et format og kvalitet som man ellers ikke får opplevd i regionen.,150-600,1,1,0,0,0,1,0,0,,,,,350000,"Stiftelsen Kjell Holm, Ålesund Kommune, FFUK, Møre og Romsdal fylke.",500,Familiekonsert/lunsjkonsert lørdag 14. juni. Alle konsertene egner seg for barn.,1,0,,,,0,,"Delvis, i den grad konsertlokalene tillater det.",1,,Ingen.,12,2012,,"NB! Tre plassa på kart. Todagerspass, burde d heite festivalpass?",MM
16,Indiefjord,12.07.2014,13.07.2014,"Haukly, ungdomshuset på Bjørke, Ørsta",6.55945,62.10055,Silja Haddal Mork & Mattias Lidehäll,http://indiefjord.com/,0,0,0,1,0,0,0,0,0,0,0,0,0,"Stars in Coma, The Canary Islands, Haiku Salut, Lisa Bouvier, Owl & Mouse, Firestations, The Spook School, Steso Songs, Matt Bouvier, Lost Summer Kitten, Finnmark, Don't Cry Shopgirl. DJs: Big Pink Cake, Librarians Wanted & Pardon my Swedish!",12 + akustiske konserter på dagtid. ,En intim festival som ligner mer en privat fest der du møter nye og gamla venner. Alle banda er internasjonalt kjente indiepopband og er håndplukka av arrangørene.,Ingen billetter. 500 kr. i donation til festivalen gir deg plass på gjestelisten til konsertene begge dagene.,1,0,0,0,0,0,0,0,,,,,Ingen budsjett. Heile festivalen hviler på donasjoner som går direkte til artisterne.,Ingen. ,Plass til 130.,,0,1,,,,,,Festivalen er inne i et lokale på ett plan og er veldig tilgjengelig for funksjonshemmede.,1,,Ingen.,8,2014,Festivalen samarbeider med lokale aktører. Bakketunet kommer til å ordne konserter med artister fra festivalen. Hos Maria har åpen gård med blant annet ridning. Hjørundfjord Adventures og Tind & Tare ordner en spesiell fjelltur under festivalen. Tatovøren Demian Cervera fra London (Fulcrum Tattoo) kommer også. Muligens flere aktiviteter.,Litt tynt. Mn ok?,MM
17,Go with the Flø,28.06.2014,29.06.2014,"Flø, Ulstein",5.85096,62.40318,"Studio Hugo Opdal, Moods of Norway og bygda Flø",http://hugoopdal.no/,0,0,0,0,0,0,0,0,0,0,0,1,0,"Elmgreen& Dragset , Fyfe Dangerfield, Pandreas",2,"Kunst, musikk og mote i en krysning mellom kunstfestival og bygdedager.",50-150,1,0,0,0,0,0,0,0,,,,,,Generalsponsor: Sparebanken Møre. Hovedsponser: Kleven Verft + andre.,2000,"Klovner, kreativt verksted, gratis konsert, eventyrforteller telt og andre leker.",1,1,Flø feriesenter.,1,,,,,,,,,2010,,Litt tynn. ,MM
18,Smak av Ulstein,11.06.2014,15.06.2014,"Ulsteinvik, Ulstein",5.84697,62.34261,Ulstein kommune,https://www.facebook.com/SmakAvUlstein?fref=ts,0,0,0,0,0,0,0,0,0,0,0,1,0,,05.06.2014,"Smak av Ulstein er ein liten festival som byr på kultur, folkeliv og handel i Ulsteinvik, i juni. I år er festivalen noko nedtona, grunna byggeaktivitet i sentrum. Det mellom anna ikkje tivoli i år. ",,0,0,0,0,0,0,0,0,,,Ingen.,,,,,Barnekino m.m.,1,0,,0,,0,,Sjøborg kulturhus er tilrettelagt for rørslehemma.,1,,,,2011,,"Tynn. Food: spisestadane opne, skal ej krysse av på food då?",MM
19,Ålesund Båtfestival,09.07.2014,12.07.2014,Ålesund sentrum,6.15236,62.47127,G.A.D Partner as,http://www.batfestivalen.no/,0,0,0,0,0,0,0,0,0,0,0,1,0,"Dance With a Stranger, Vassendgutane, Kystfolket, Purple, Remember When, Allsang på sankten, John John, Fotballfest, Big Jump, Funnballz, Barnetoget, Maritim Arena, Tivoli, Helikopterturer, Europeisk matmarked.",16,En ramsalt folkefest med et maritimt preg.,0-360,1,0,0,0,0,0,0,1,800,Barn under 12 år gratis i følge med en voksen.,Ingen.,,2300000,,7000,,0,1,,0,,0,Europeisk matmarked.,Toalett og egene plasser en satt av.,1,35,Ingen,12,2002,,,MM
20,Midtsommardagar,20.06.2014,22.06.2014,"Norddal kyrkje, Norddal",7.23655,62.25542,Midtsommardagar,http://www.thehappyend.no/,0,0,0,0,0,0,0,0,0,0,0,1,0,"Jonas Alaska m/ Mikhael Paskalev & Billie Van, minikonsert og sangseminar med Maria Holand Tøsse, bryggedans Listen to the band.",,"Familievennleg, kulturaktivitetar, marknad, friluftsliv.",60-300,1,0,0,0,0,1,0,0,,,Ingen.,,380000,"Sparebanken Møre, Tafjord kraft, Muritunet, J Weiberg Gulliksen as, Busengdal transport.",1500,"Sangseminar, dyreutstilling, kajakk, bueskyting, teater, ",1,1,Relling Camping,1,,0,Mat-/aktivitetsmarked i naustområdet.,"Ingen spesiell tilrettelegging, men god tilgang overalt.",1,4,Ingen.,35,2000,"Guida fjelltur, «Gardimyljå» - open dag på Norddal Prestegard og Severinbrauta i Eidsdal, Grøn Bygd-seminar på Paktarstova i Norddal, båtseminar i Notnaustet, «Church aid» - konsert med lokale musikarar og nye talent.
",Camp: Campingplass = ok?,MM
21,Malakoff Rockfestival,17.07.2014,19.07.2014,"Nordfjordeid, Eid",5.99155,61.90626,Malakoff Rockfestival,http://www.malakoff.no/,1,1,1,0,0,0,0,0,0,1,0,0,0,"Mastodon (US), Dropkick Murphys (US), Kåre & The Cavemen, Opeth (S), Karpe Diem, Sivert Høyem, Timbuktu (S), Bernhoft, Ylvis, Skambankt, Vintage Trouble(Us), Oslo Ess, The Bots (US), The Bronx (US) , Highasakite, Hedvig Mollestad Trio, Johndoe, Monica Heldal , Sigrid Moldestad, Stein Torleif Bjella, Carnival Kids og Svelene.",29,"Malakoff har hatt ei eventyrleg utvikling dei siste åra både i publikumtal og i kvalitet. Festivalen, som ligg i den lisje bygda Nordfjordeid, satsar på å gje publikum ei heilskapleg bygdeurban festivaloppleving denne helga med ei unik totaloppleving og musikken som hovudfokus. Festivalen fekk Kulturprisen fra Sogn og Fjordane fylkeskommune i 2013. Det er ekstremt kult å kunne oppleve nasjonale- og internasjonale artistar på scena, ha 4500 personar på festivalcamp og total feelgoodstemning på Norfjordeid ei heil helg kvart år. Malakoff er ikkje berre ein rockefestival, men ein institusjon som skapar identitet og bulyst ute i distriktsnorge, og det er vi veldig stolte av!",175-1350,1,1,1,0,1,1,1,1,,"Klubbkonsert kr 175,-
Dagspass fra kr 600,-
Festivalpass fra kr 750,-  til  kr 1350,-
Gratis for barn under 12 år i følge med voksne.
Rabatt for ungdom t.o.m 19 år.","Festivalområde: ingen.
Festivalcamp: 16 år
Eige øl-område: 18 år
",1,,Sparebanken Vest og SFE,20000,,,1,Malakoff Rockfestival har ein festivalcamp tett i tett ved festivalområdet. ,1,"Trygt heim ruter etter festivalen.
Frå Malakoff både fredag og laurdag: 
Frå Eid Rutebilstasjon kl 02:30 
til Måløy, Selje/Stadlandet, Volda/Ørsta (går om Stigedalen), Stryn, 
Hornindal/Stryn, Sandane, Skei, Førde, Florø, Sogndal.
",1,,Handicaptoalett og god tilkomst.,1,,2,700,2003,,"Kart= eid, stod ik kor festivalområdet skulle være, nøyaktig. Lrs OK!",MM
22,Midsundfestivalen,11.07.2014,13.07.2014,"Midsund sentrum, Midsund",6.67164,62.67282,,,0,0,0,0,0,0,0,0,0,0,0,1,0,"DDE, Red Hot m/Knut Marius Djupvik, Smokie, Soul06",4,"Samlingspunkt og folkefest for alle med tilknytning til, og de som ønsker å komme til Midsund disse dagene",300-500,1,0,0,0,0,0,0,0,,,,1,1600000,"I hovedsak hele næringslivet i Midsund, samt Midsund kommune.",2000,"Barnemeny, diverse konkurranser og aktiviteter, konsert.",1,1,,0,,0,,Rimelig bra da det meste foregår ute.,1,,Ingen.,150-200,2005,"«71 grader Nord-turen», triatlon, friluftsgudstjeneste. Godt med gjesteplasser for båter og bobiler i Midsund Marina.",NB! KOMMER FLERE ARTISTER. Lrs ok,MM
23,Opplev Hareid,03.07.2014,06.07.2014,"Hareid sentrum, Hareid",6.02966,62.36904,Hareid Næringsforum,http://www.hareidinfo.no/?c=7702,0,0,0,0,0,0,0,0,0,0,0,1,0,,14,"Festivalen har lokalt tilsnitt og henvend seg i fremste rekke til barnefamilier. I løpet av dagane set vi fokus på kommuna, folket og noko av den aktiviteten som finns her. Vi kan nemne; open gard, gudsteneste på Ishavsmusset, gratis frukost, tivoli, redningsskøyta Elias, segljolle, brannbil, fjelltur og barnetimen for dei minste og gode kjøp i butikkane mm. Mange av arrangementa er gratis. ",0-?,1,0,0,0,0,0,0,0,,,,,,,,,,,,,,,,,,,,,2007,,EKSTREMT TYNN!,MM
24,RaumaRock,01.08.2014,02.08.2014,"Åndalsnes, Rauma",7.68728,62.56928,RaumaRock,http://www.raumarock.com/,0,1,0,0,0,0,0,0,0,0,0,0,0,"Kvelertak, Rival Sons, Lissie, TNT, Oslo Ess, Dance with a stranger, The Dogs, The Wolves.",16,"RaumaRock arrangerer i 2014 sin 13. festival, og har bevist at det år etter år er mulig å få store ting til å skje på små plasser i distriktet. Festivalen har i sin levetid hatt over 260 band på plakaten, lokale, norske og store internasjonale band. Festivalen arrangeres første helga i august hvert år, og det jobbes nå med produksjonen for 2014. RaumaRock har et solid navn i bransjen, og er viden kjent for å holde et høyt teknisk nivå. Festivalen ble bl.a. av Norsk Rockforbund kåret til ”Årets Arrangør” i 2009. 2013-festivalen var den best arrangementsmessige gjennomførte festivalen i rekken hittil.

I lokalmiljøet har RaumaRock en viktig identitetsbyggende rolle, og er med på å gjøre Raumas innbyggere stolte av hjemstedet sitt. Med den unike beliggenheten på kaikanten i naturskjønne omgivelser er det mange både artister og festivalgjester som blir fasinert av rammen rundt festivalen. Vi har også i 2013 fortsatt arbeidet med å åpne festivalen mer slik at kommunens innbyggere og besøkende som ikke nødvendigvis er ihuga tilhengere av rock likevel skal få en smakebit av festivallivet. Dette gjennom tiltak som gratiskonserter i sentrum, rundt om på sykehjem, barnehager og arbeidsplasser. 

",790-1200,0,1,1,0,0,1,1,0,,"Ungdomspass (12-17 år): 790 kr.
Voksenpass (18 +): 1200 kr.",,1,,Sparebanken Møre.,6500,Konserter.,1,1,"Egen festivalcamp litt utenfor Åndalsnes sentrum. Campen tilbyr kiosk med lettere servering, vakter hele døgnet, gratis skyttelbuss mellom camp og festivalområdet.",1,"Skyttelbuss mellom festivalcamp, Åndalsnes Camping og Festivalkontoret.",1,,"God tilgjengelighet, ingen trapper.",1,,"0,5 årsverk.",150,2001,,OK,MM
25,Kyrkjehola Kulturbeite,15.06.2014,15.08.2014,"Stordal, Stordal",6.98630,62.38203,Kyrkjehola Kulturbeite,http://www.kyrkjehola.no/,0,0,0,0,0,0,0,0,0,0,0,1,0,"M. a. Annbjørg Lien / Roger Tallroth, Tora Augestad, Stian Carstensen,  Mathias Eick, norges nye tenorkomet Bror Magnus Tødenes, Pianist Åge Lade med verdsleiande Mads Vinding på bass, samt stort orkesterprosjekt i samarbeid med Fjord Cadenza med framføring av Mozarts requiem + ny musikk Odd J. Overøye.",7,"Kyrkjehola kulturbeite er eit årleg, breispektra sommarprogram, lokalt forankra med regional profil. Produksjonane er ei fiberrik blanding av samtid og fortid med stor sjangerbreidde, presentert i særeigne lokalitetar. Eit varemerke er også ein årleg eigenproduksjon med utgangspunkt i musikkliv, folklore og historie i vår eigen landsdel. Arrangementa vil føregå i Rosekyrkja og på Dyrkornkatedralen (Dyrkornfabrikken).",150-300,1,0,0,0,0,0,0,0,Ingen. ,"Rabatt for barn/ungdom, familie og honnør.",Ingen. ,,400000,,1000,,0,1,,0,Kan organiserast ved spesielle behov.,1,,Praktisk hjelp etter behov tilbys.,1,4,Ingen.,20,2000,,OK,MM
26,Naturfestivalen,26.07.2014,03.08.2014,"Ørsta sentrum, pluss rundt omkring i Ørsta og Volda.",6.12964,62.20030,"Ørsta Reiselivslag i samarbeid med lokale lag, organisasjonar, næringsdrivande og einskildpersonar.",http://naturfestivalen.no/,0,0,0,0,0,0,0,0,0,0,0,1,0,Av kjende namn som kjem kan vi nemne balansekunstnaren Eskil Rønningsbakken.,50,"Dette er ein festival med fokus på å skape aktivitetar og natur- og kulturopplevingar der folk kan delta på sine eigne premiss, anten dei søkjer det ekstreme eller det lett tilgjengelege. Vi har eit variert program med tilbod til alle. Mange aktivitetar er retta mot familiar og   born. Her er lågterskeltilbod der naturglede står i fokus. Men vi har også tilbod til tinderanglarar og andre som utfordrar grensene sine på ulike måtar. Vi legg også stor vekt på kombinasjonen av kultur- og naturopplevingar.","Ikkje fastsett
0-?",,,,,,,,,Ikkje fastsett,,"Mange av aktivitetane passar for alle, men på t.d. krevjande fjellturar kan vi ikkje ha med dei minste.",,700000,"Ørsta kommune, Volda kommune og fylkeskommunen

Resten ikkje klart.",5000,"Vi har mange fine familieturar, temabaserte aktivitetar med utgangspunkt i naturen, sykkelritt, akrobatikk-kurs og motbakkeløp for born under 10 år ",1,1,,0,Kan vere aktuelt i samband med overgangsturar.,1,,Nokre av arrangementa skal vere lett tilgjengelege også for rørslehamma.,1,Det vert sett opp tilstrekkjeleg med toalett i Ørsta Småbåthamn i samband med arrangementa rundt Saudehornet rett opp.,Ørsta Reiselivslag sin koordinatorfunksjon utgjer mange arbeidstimar.,100,2004,"Vi skal ha ein del konsertar under namnet ""Sommarljom"". Her er det fordet meste lokale musikarar er med. Ørsta småbåtlag arrangerer bryggedans i laurdagskvelden 2. august etter motbakkeløpet Saudehornet rett opp.","PRIS IKKJE FASTSATT, sponsor osv. merka med grønt",MM
27,Brandalsdagane,ukjent,ukjent,"Brandal, Ulstein.",6.00829,62.40077,"Brandal Vel, Brandal Idrettslag og Ishavsmuseet Aarvak.",http://www.brandalinfo.no/,0,0,0,0,0,0,0,0,0,0,0,1,0,ikkje klart,,"Brandalsdagane har som mål å skape aktivitet for bygdefolket og andre, samt markedsføre Brandal. ",Ikkje klart,,,,,,,,,,,Ingen. ,,"Mesteparten skjer på dugnadsbasis, få kroner i budsjett. ",": Ikkje klart endå, men håper fjorårets samarbeidspartnar Sparebanken Møre vert med vidare. ",500, Dei fleste arrangement vil vere for borna. ikkje klart,1,1,,0,,0,Nei. ,Det aller meste vil skje ute/i bygg som er tilrettelagt for rørslehemma. ,1,Fem.,Ingen. ,25,1993,,VELDIG TYNN: MYKJE IKKJE AVKLART,MM
28,Molde International Jazz Festival (Moldejazz),14.07.2014,19.07.2014,Molde,7.15548,62.73600,Molde International Jazz Festival ,http://www.moldejazz.no/2014/,0,0,0,0,1,0,0,0,0,0,0,0,0,"Timbuktu, Terri Lyne Carrington, Sivert Høyem, Ibrahim Malouff, Jarle Bernhoft, Thomas Dybdahl, Swedish Azz, Elephant9 m Reine Fiske, og Kristin Asbjørnsen m Ladysmith Black Mambazo. ",120,Festivalen har som visjon å være en av Europas viktigste festivaler for jazz og beslektede musikkformer. I det ligger det ambisjon om å presentere en festival av en svært høy kvalitet og med en svært stor bredde.,0-2975,1,1,1,1,1,1,1,1,Ikke fast antall.,"Ukespass (gir adgang til alle konserter hele uka): 2975 kr.
Dagspass (gir adgang til alle konserter den bestemte dagen): 785 kr.
Todagerspass Romsdalsmuseet voksen: 925 kr.
Todagerpass Romsdalsmuseet ungdom (15-20 år): 680 kr.
Todagerpass Romsdalsmuseet barn (7-14 år) 680 kr.
Barn under skolepliktig alder går gratis på Romsdalsmuseet!",Ingen. ,,,"Hovedsponsorer: SB1 SMN, Istad AS, Ringnes/Oskar Sylte, Dagbladet, Quality Hotel Alexandra og Shell.",50000,"Festivalen har eget barneprogram: barnaZmoldejazz, det forgår på Plassen i Storyvillelokalet – høykvalitets konserter for barn med kjente norske jazzmusikere. I tillegg er det familieprogram på dagtid i Alexandrparken, starter etter streetparaden ca kl 12.00. ",1,1,,0,All infrastruktur rundt Molde er dimensjonert opp for å møte behovet under festival fra ekstra bussavganger til ekstraferger.,1,Stort marked gjennom hele Storgata.,"Alle konsertsteder har universell utforming, på Romsdalsmuseet bygges det egen rullestoltribune.",1,Mange!,"4,5 årsverk",600,1961,,OK!,MM
29,Fjord Cadenza,06.08.2014,10.08.2014,"Skodje, Gomerhuset",6.67544,62.50424,Fjord Cadenza,http://www.fjordcadenza.com/FC2014NO/Velkommen.html,0,0,0,0,0,0,0,0,0,0,1,0,0,"Eli Kristin Hansveen, Anders Nilsson, Magne Fremmerlid og Kaunas City Symphony Orchestra.",12,"Fjord Cadenza har sitt ståsted i klassisk musikk og holder til i bygda Skodje. Fjord Cadenza har et sterkt fokus på barn og unge, og vår visjon er å være en profesjonell konsertarena der unge talent får mulighet til å samarbeide med etablerte profesjonelle musikere. I 2014 er det sentralt å foredle det konseptet vi har opparbeidet med barn og unge og bestilling og fremføring av ny norsk musikk.  Vi fokuserer på solistkonkurransen og kjente navn som Eli Kristin Hansveen, Anders Nilsson og Magne Fremmerlid sammen med Kaunas City Symphony Orchestra og Rune Bergmann vil gjøre Fjord Cadenza til en festival av svært høy kvalitet.I 2014 er Odd Johan Overøye fra Stordal festivalkomponist og årets bestillingsverk fra han er noe så sjeldent som et stykke for trekkspill og symfoniorkester, skrevet til fjorårest vinner av solistkonkurransen, 17 år gamle Ingrid Johanne Fylling Nupen. ",0-350,1,0,0,0,0,0,0,0,100,"Barne- og ungdomsrabatter, honnørrabatter.",Ingen. ,,800000,"Bl.a. Sunnmørsposten, DnB, Sparebanken Møre, Farstad, Stiftelsen Kjell Holm og 62 grader Nord.",1500,"Konsert sammen med Ålesund Orkesterskole på Borgund Folkehøgskole, for hele familien med sterk medvirkning fra de unge musikerne på orkesterskolen. Solistkonkurranse i samarbeid med DnB for barn og unge opp til 19 år.  ",1,1,,0,,0,,Alle konserter er fullt ut tilrettelagt for funksjonshemmede.,1,Vi benytter i hovedsak Gomerhuset som konsertarena. Det vil si at vi har innendørs og helt moderne sanitærforhold. ,Ingen. ,50,1992 (med et opphold 2006-2010),,OK,MM
30,Matfestivalen i Ålesund,27.08.2014,30.08.2014,Ålesund sentrum,6.15680,62.47442,Den Norske Matfestivalen i Ålesund AS,http://www.matfestivalen.no/,0,0,0,0,0,0,0,0,0,0,0,1,0,,,"Matfestival med utstillere, salgsboder, underholdning, seminarer og kurs.",0,1,0,0,0,0,0,0,1,,,,,300000,"Sparebanken Møre, M&R Fylkeskommune, Ålesund kommune.",70000,Fiskesprell.,1,1,,0,,0,Stort Bondens marked og Fisketorg.,Alt skjær i sentrumsgater.,1,12,Ett årsverk.,25,1984,,Sjekk disable! OK at d står sånn?,MM
31,Myldredagane,14.06.2014,15.06.2014,"Brattvåg, Haram",6.44583,62.59463,Brattvåg i Sentrum ,https://www.facebook.com/pages/Brattv%C3%A5g-i-Sentrum/1406979119524875?fref=ts,1,1,0,0,0,0,0,1,0,0,0,1,0,The Afters (Irland) ,1,"Myldredagane er markedsdager for alle som foregår lørdag og søndag i miljøgata i Brattvåg. På dagtid fylles gata med aktiviteter, stand og moro. På lørdagskvelden spilles det opp til sommerdans! ",0-250,1,0,0,0,0,0,0,0,Ingen.,Ingen.,18-årsgrense på dans. Ellers ingen. ,,,,1000,Ymse aktiviteter. ,1,1,,0,,0,,Godt tilrettelagt.,1,Ukjent,Ingen.,50,2011,,"Ukjent = skrive ukjent, lr skrive ingenting. Lrs OK.'",MM
32,Sommardagane i Utvik,24.07.2014,27.07.2014,"Utvik, Stryn",6.51889,61.80658, Utvik Ungdomslag,Ingen. ,0,0,0,0,0,0,0,0,1,0,0,1,0,"Andre Jerman (stand-up), PK & Dansefolket",2,"Stand-up show fredag kveld. Lørdag er det torgdag, grilling på kaia, helikoptertur, RIB båt, hesteridning og div. lokale innslag",0-300,1,0,0,0,0,0,0,0,Ingen.,Ingen.,18-årsgrense på dans. Ellers ingen. ,,Ingen. ,,400,Ikkje klart enda. ,0,1,,0,,0,"Div. boder med frukt og bær, poteter, smultringer, brød.", Lett tilgjengelig for rullestol til toalett.,1,5,Ingen.,80,1992,,"Satt 1 på Other, sjøl om d ikkje stod i svaret. Barneprogr ik klart. Lrs OK",MM
33,Trandalblues,04.07.2014,05.07.2014,"Christian Gard, Trandal, Ørsta",6.50354,62.25362,Bratt og Blått,http://www.trandalblues.com/,0,0,0,0,0,1,0,0,0,0,0,0,0,"Hanne Boel, Lazy Lester, Mike Andresen.",,Bluesfestival i veglaus bygd. Norges vakraste bluesfestival,450-800,1,1,0,0,1,1,0,0,Ingen.,"Dagspass: 450 kr.
Festivalpass: 800 kr. ",18 år.,,500000,"Tussa, Sparebanken Møre, Kleven, Sagafjord, Scanaprima m.fl.",3000,,0,1,Rundt festivalområdet.,1,Båt frå Sæbø (pendel) Ålesund etter rute. ,1,,Ta kontakt ved hjelpebehov.  ,1??,10,Ingen.,20-25,2007,,Disable=ta kontakt ved behov. Ja lr nei? lrs ok,MM
34,Midtsommerjazz,23.05.2014,24.05.2014,"St. Olavs Plass, Ålesund",6.15641,62.47274,Momentium,http://www.momentium.no/midtsommerjazz,1,0,0,0,1,0,0,1,0,0,0,0,0,"Hellbillies, Marius Neset Birds, LidoLido, Henning Kvitnes, Red Hot, Gumbo & Tricia Boutté, Lena Nymark, Morning Has Occured, Keimzeit, Molvær & Sagen Trio",10,"Midtsommerjazz startet i 2009 i Kongensgate i Ålesund. Festivalen er kjent for sin fine intime stemning i hjertet av Jugendbyen, med de fantastiske bygningene som kulisser. I 2011 flyttet festivalen fra Kongensgate til St.Olavsplass for å kunne huse større artister og enda større lyd- og lysproduksjon. I fjor ble Midtsommerjazz grunnet vedlikeholdsarbeid flyttet til Prestebrygga, men i 2014 er festivivalen igjen tilbake på St.Olavsplass mitt i hjertet av Ålesund.
Midtsommerjazz er en jazzfestival med innslag av vise, folk og relaterte sjangere. Programmet på festivalen består av store internasjonale artister, norske artister og ikke minst fremadsstormende lokale musikere. Sunnmøre har i mange år vært en av de største leverandørene av proffesjonelle jazzmusikere i Norge og med Midtsommerjazz ønsker vi å bygge opp under det velutviklede jazzmiljøet som eksisterer her oppe i nordvest.",549-1649,0,1,0,1,1,0,1,0,Ingen.,"Dagspass: 549 kr.
VIP-billett: 1649 kr.
Rabatt for ungdom.",Ingen. ,1,,,4000,,0,1,,0,,0,,"Egen handikapparkering, handikaptoalett, tilrettelagt for rullestol, eget handikapområde, gratis inngang for verge.",1,,Fem årsverk. ,60,2009,,OK,MM
35,Sommerfesten på Giske,05.07.2014,,"Øygardshamna, Giske",6.04235,62.51019,Momentium,http://www.momentium.no/sommerfesten,1,1,0,1,1,0,0,1,1,1,0,0,0,"Violet Road, Mahogni, Rumle In Rhodos, Hanne Kolstø, Bendik, Sassybeat, Sigrid Raabe, Thom Hell, Death By Unga Bunga, Monica Heldal, O Martin, Hvitmalt Gjerde, Lena Nymark, Einar Stray, Spirits Of The Dead, Captain Walker, pluss flere. ",30+,"Sommerfesten er verdens største vennefest og det er Peace, Love & Understanding som står i fokus. Vi begynte i et naust for over ti år siden og i dag er vi en av Norges største festivaler. Sommerfesten er løftet fram av et enormt engasjement og masse kjærlighet. Dugnad og lokalt driv kombinert med store mengder kaker fra de lokale kakebaketradisjonene skaper en fantastisk energi som alle tilreisende får nyte godt av. I 2012 hadde festivalen besøk fra over 50 nasjoner og var vertskap for media fra hele Europa og i 2013 flyttet vi festivalområdet tilbake til Øygardshamna, i nærområdet hvor festivalen ble arrangert de første årene. Sommerfesten på Giske er, og vil altid være, en festival utenom det vanlige. En festival som elsker å kombinere sjangere og band i alle faser av karrieren. Ta med deg familien, vennene dine eller kom helt alene. Vi garanterer en helt spesiell festivalopplevelse på Giske 5. juli.",0,0,0,0,0,0,0,0,0,,"Gratis inngang, men besøkende oppfordres til å spleise. En kan forhåndsspleise på www.tikkio.com",Ingen. ,1,,Generalsponsor: Sparebanken Møre.,6000,Eget barneshow og barneområde på festivalområdet.,1,1,,0,Eget bussopplegg gjennom Nettbuss.,1,Diverse stands.,"Egen handikapparkering, handikaptoalett, tilrettelagt for rullestol, eget handikapområde, gratis inngang for verge.",1,,Fem årsverk. ,100,2003,Studiokonserter i Ocean Sound Recordings i forkant av festivalen.,Ka gjer vi m at d e gratis? ingen kryss?,MM
36,Jugendfest,22.08.2014,23.08.2014,"Color Line Stadion, Ålesund",6.18788,62.46928,Momentium,http://www.momentium.no/jugendfest/,1,1,0,0,0,0,0,0,0,0,0,0,0,"David Guetta, Icona Pop, Åge & Sambandet, Veronica Maggio, Alphaville, Kvelertak, CLMD, Klingande, Sigrid Raabe, Skambankt, Ine Hoem, pluss flere.",15,"Jugendfest så dagens lys i august 2008 og festivalen gikk fra 2000 besøkende til 12.000 besøkende på fire år. I 2012 ble festivalen flyttet fra St. Olavs plass i Ålesund til Color Line Stadion i samme by på grunn av kapasitetsutfordringer og hadde samme år 24.000 besøkende. Jugendfest er hjulpet frem av et stort antall frivillige fra lag og organisasjoner i vårt nærområde. I 2012 og 2013 brukte festivalen ca. 500.000 kr. på idrettslag, kor, skoleklasser og andre som bidro under festivalen. Vi tror at lokalt engasjement er det som skal til for å skape store kulturopplevelser på Sunnmøre og dette er en side av festivalen som vil bli utviklet videre de neste årene. Under festivalen møter du alt fra store internasjonale popnavn til klassiske rockeband. Profilen er bred og er i dag den største av sitt slag mellom Bergen og Trondheim. Festivalen arrangerers hvert år i august og markerer slutten på Momentiums festivalsesong. Jugendfest 2014 skal bli årets beste og største fest i Ålesund!",749-1749,0,1,0,1,1,1,1,0,Ingen.,"Dagspass: 749 kr.
2-dagerspass: 1249 kr
2-dagerspass (student) 1049 kr.
2-dagerspass (UNG 15-20 år) 949 kr.
VIP-billett: 1749 kr.
",15 år. Besøkende under 15 år må ha med verge.,1,,Generalsponsor: Sparebanken Møre.,18000,,0,1,,0,"Hjemtransport på kvelden til Magerholm, Volda, Ørsta, Sula, Skodje, Brattvåg, Sjøholt, Hareid og Ulsteinvik.",1,Nei.,"Egen handikapparkering, handikaptoalett, tilrettelagt for rullestol, eget handikapområde, gratis inngang for verge.",1,,Fem årsverk. ,200,2008,,OK.,MM
37,Oldendagane,04.07.2014,06.07.2014,"Olden, Stryn",6.80933,61.83379,Odendagane,,0,0,0,0,0,0,0,0,0,0,0,1,0,"Lokale utstillarar, dans og revy på laurdagskvelden v/Mona Jill band.",,,??,,,,,,,,,,,,,,,,,,1,,,,,,,,,,,1994,,VEEELDIG TYNN!,MM
38,Glopperock,20.06.2014,21.06.2014,"Sandane, Nordfjord",6.21690,61.76660,Gloppen Musikkforum,http://www.glopperock.no/,1,1,0,0,0,0,0,0,0,0,0,0,0,"Henning Kvitnes, Erik og Kriss, Atle Pettersen.",,"Gode konsert opplevingar for barn, unge og vaksne.",250-450,1,0,0,0,0,0,0,0,,,Ingen. ,,,,,,,,,,,,,,,,,,1980,,"VELDIG TYNN! Fleire plassa konsert, men har ikkje funne ut alle. Ok med sandane?",MM
39,Stryn Gummibåtfestival,02.08.2014,,"Sætre bru til Stryn hotel, Stryn",6.77685,61.91325,"Emil Solheim, Paal Henning Jørgensen, Kristoffer Vik Nygård og Stian Bøe",https://www.facebook.com/pages/Stryn-Gummib%C3%A5tfestival/364486130243068?fref=ts,0,0,0,0,0,0,0,0,0,0,0,1,0,,,Vi ønsker at flest mogeleg skal få oppleve den flotte naturen Fjord-Noreg har å tilby på ein litt utradisjonell måte. Det er lite som kan måle seg med ein tur ned stryneelva i ein flåte av gummibåtar ein flott sommardag i Stryn! Det blir også after-boat party i samarbeid med Base Camp Stryn.,0,1,0,0,0,0,0,0,0,,,,,1000-2000,,200,,0,1,,0,,0,,,0,,Ingen.,4,2009,Det er tilrettelagt for grilling på ei lita øy midt i stryneelva.,OK,MM
40,Strynefestivalen,06.06.2014,09.06.2014,"Folven Café, Stryn",7.1669054031,61.917967998,Fri Flyt AS,http://www.strynefestivalen.no/,0,0,0,0,0,0,0,0,0,0,0,1,0,,4,"Bratt friluftsfestival hvor ski, brettkjøring, terrengsykling, landevei, kajakkpadling og klatring er i fokus",950-1499,0,1,1,0,0,0,0,0,40,,18-årsgrense på Folven Café.,,500000,": Haglöfs,Gore Tex, Peak Performance, 4FRNT, , Völkl, Evoc, K2, Poc, Fischer, Helly Hansen, Dr.Zipe, Suunto, Cube, Folven Camping",250,,0,1,Folven Camping.,1,,,,,,Det som er tilgjengelig på Folven Camping.,Halvt årsverk.,30,2014,"Frikjøringskurs, klatrekurs, instruksjon elv og havkajakk, toppturkurs, frikjøringskonkurranse.",OK,MM
41,Kulturdagane i Hornindal,01.08.2014,03.08.2014,Hornindal sentrum,6.52418,61.96921,Hornindal Næringslag,http://www.hornindal.com/,0,0,0,0,0,0,0,0,0,0,0,1,0,Britt Pernille Frøholm og utedans. ,,Kulturdagar i Hornindal vil vise frem kulturlivet i Honndalen. ,0-250,1,0,0,0,0,0,0,0,,,,,,,2000,Forskjellige aktiviteter for barn.,1,1,Oppstilling for bobiler.,1,,0,Stands med lokale varer.,Flatt og fint å komme seg rundt. ,1,Ekstra toalett ved utedans.,Ingen. ,50-100,1989,,"Tynn, men veit ikkje nåkke mer. ",MM
42,Folven sykkelfestival,21.08.2014,24.08.2014,"Folven Camping, Stryn",7.16682,61.91804,Folven camping og tommymultisport.com,http://folven.no/,0,0,0,0,0,0,0,0,0,0,0,0,0,,,Sykkelfestival med sti og utforsykling på flotte stier i norges vakreste natur.,600,0,1,0,0,0,0,0,0,,,16 år,,,,80,,0,1,Folven Camping.,1,Felles bilshutling.,1,,,,Toaletter på hver hytte samt hovedhus og servicehus.,Ingen. ,10,2013,"Filmer, fotokonkuranser, endurokurs.",handicap ik svart = 0?,MM
43,Måløydagene,27.06.2014,29.06.2014,"Måløy sentrum, Vågsøy",5.11416,61.93280,Måløy Handelsforening,http://www.maloydagene.no/,0,0,0,0,0,0,0,0,0,0,0,1,0,"Lars Vaular, Vennebyen, Jarle Andhøy, Veteranbåttreff, Frisbeeturnering, Kunst fra Pushwagner, Spesial Kids Unit, The Whole Shebang, MOT-konsert, Måløy Musikklag",,"Måløydagene arrangeres for 39. gangen. Konseptet er å skape trivsel i Måløy for fastboende og tilreisende. Arrangementet trekker folk fra hele distriktet for handel, kulturopplevelser og underholdning.",0-390,1,0,0,0,0,0,0,0,,,Teltarrangement på lørdag kveld: 18 år.,,,Fjordenes Tidende pluss flere. ,,"Lunds Tivoli, Vennebyen, Gruffalo, Eliasbåten, ++",1,1,,0,,0,Mange eksterne salgsboder + lokale lag og organisasjoner.,,,,,,Arrangerese for 39. gang.,,"Tynn, lrs ok.",MM